<?xml version="1.0" encoding="UTF-8"?>
<Configuration status="INFO">
    <Appenders>
        <Console name="Console" target="SYSTEM_OUT">
            <PatternLayout pattern="%d{ISO8601}{EST} %-5p %C{5} (%F:%L) - %m%n" />
        </Console>
       <File name="IncidentAutomationLog" fileName="\\CVSCIFSP03\MIS_Retail\CVS_OSS\Abhishek\Eclipse Workspace\OSSIncidentAutomation\logs\OSSIncidentAutomationLogs.${date:yyyy-MM-dd}.log" immediateFlush="true" append="false">
            <PatternLayout pattern="%d{ISO8601}{EST} %-5p %C{5} (%F:%L) - %m%n"/>
        </File>
	<RollingFile name="rollingFile" fileName="\\CVSCIFSP03\MIS_Retail\CVS_OSS\Abhishek\Eclipse Workspace\OSSIncidentAutomation\logs\archive\OSSIncidentAutomationLogs.log"
		filePattern="\\CVSCIFSP03\MIS_Retail\CVS_OSS\Abhishek\Eclipse Workspace\OSSIncidentAutomation\logs\archive\OSSIncidentAutomationLogs.%d{yyyy-MM-dd}.log"
		ignoreExceptions="false">
		<PatternLayout>
			<Pattern>%d{ISO8601}{EST} %-5p %C{5} (%F:%L) - %m%n</Pattern>
		</PatternLayout>
		<Policies>
			<OnStartupTriggeringPolicy />
			<SizeBasedTriggeringPolicy size="10 MB" />
			<TimeBasedTriggeringPolicy />
			<CronTriggeringPolicy schedule="0 0 0 * * ?"/>
		</Policies>
		<DefaultRolloverStrategy max="5" />
	</RollingFile>
    </Appenders>
    <Loggers>
         <Logger name="com.oss.mail.controller" level="debug" includeLocation="true">>
            <AppenderRef ref="IncidentAutomationLog"/> 
            <AppenderRef ref="Console"/>
        </Logger> 
        
        <Root level="debug" includeLocation="true">
            <AppenderRef ref="Console"/>
            <AppenderRef ref="IncidentAutomationLog"/> 
        </Root>
    </Loggers>
</Configuration>