<beans xmlns="http://www.springframework.org/schema/beans"
    xmlns:mvc="http://www.springframework.org/schema/mvc"
	xmlns:context="http://www.springframework.org/schema/context"
	xmlns:xsi="http://www.w3.org/2001/XMLSchema-instance"
	xmlns:tx="http://www.springframework.org/schema/tx" 
	xmlns:p="http://www.springframework.org/schema/p"
	xmlns:util="http://www.springframework.org/schema/util"
	xsi:schemaLocation="
        http://www.springframework.org/schema/beans
        http://www.springframework.org/schema/beans/spring-beans.xsd
        http://www.springframework.org/schema/mvc
        http://www.springframework.org/schema/mvc/spring-mvc.xsd
        http://www.springframework.org/schema/context
        http://www.springframework.org/schema/context/spring-context.xsd
        http://www.springframework.org/schema/tx 
        http://www.springframework.org/schema/tx/spring-tx.xsd">

   <context:component-scan base-package = "com.oss.mail.controller" /> 
   <context:property-placeholder location="classpath:app.properties" />
    
   <bean class = "org.springframework.web.servlet.view.InternalResourceViewResolver">
      <property name = "prefix" value = "/WEB-INF/jsp/" />
      <property name = "suffix" value = ".jsp" />
   </bean>
       <mvc:resources mapping="/**" location="/" cache-period="31556926"/>

    <mvc:annotation-driven />
    <bean id="messageSource"
	class="org.springframework.context.support.ReloadableResourceBundleMessageSource">
	<property name="basename" value="resources/messages" />
	<property name="defaultEncoding" value="UTF-8" />
	</bean>
	 
<!-- 	<bean id="propertyConfigurer" class="org.springframework.beans.factory.config.PropertyPlaceholderConfigurer"
	      p:location="/WEB-INF/jdbc.properties" />
	  -->
	<!--  <bean id="dataSource"
	class="org.apache.commons.dbcp2.BasicDataSource" destroy-method="close"
	p:driverClassName="com.microsoft.sqlserver.jdbc.SQLServerDriver"
	p:url="jdbc:sqlserver://RRI2SQLPW14V\\SQL12EEP1:1433" p:username="ASMZone"
	p:password="cvkW1jX8BWg5o" />  -->
	 <bean id="dataSource"	class="com.oss.mail.util.EncryptedDataSource">
	  <property name="driverClassName"><value>${jdbc.driverClassName}</value></property>
	  <property name="url"><value>${jdbc.databaseurl}</value></property>
	  <property name="username"><value>${jdbc.username}</value></property>
	  <property name="password"><value>${jdbc.password}</value></property> 
	</bean>
	<bean id="sessionFactory"
	class="org.springframework.orm.hibernate3.LocalSessionFactoryBean">
	<property name="dataSource" ref="dataSource" />
	<property name="configLocation">
	<value>classpath:hibernate.cfg.xml</value>
	</property>
	<property name="configurationClass">
	<value>org.hibernate.cfg.AnnotationConfiguration</value>
	</property>
	
	<property name="hibernateProperties">
	<props>
	<prop key="hibernate.dialect">${jdbc.dialect}</prop>
	<prop key="hibernate.show_sql">true</prop>
	<prop key="hibernate.current_session_context_class">thread</prop>
	
	<!--
	<prop key="hibernate.hbm2ddl.auto">create</prop>
	-->
	</props>
	</property>
	</bean>
	<tx:annotation-driven />
 
	<bean id="transactionManager"
	class="org.springframework.orm.hibernate3.HibernateTransactionManager">
	<property name="sessionFactory" ref="sessionFactory" />
	</bean>
	<!-- <bean id="SchedulingController" class="com.oss.mail.controller.SchedulingController" init-method="init"
	destroy-method="destroy"/> -->
 
 	<bean id="taskDetailsDao" class="com.oss.mail.dao.TaskDetailsDaoImpl">
		<property name="sessionFactory" ref="sessionFactory" />
	</bean>
	<bean id="taskDetailsService" class="com.oss.mail.service.TaskDetailsServiceImpl"/>
	
	<bean id="taskEventDetailsDao" class="com.oss.mail.dao.TaskEventDetailsDAOImpl">
		<property name="sessionFactory" ref="sessionFactory" />
	</bean>
	<bean id="taskEventDetailsService" class="com.oss.mail.service.TaskEventDetailsServiceImpl"/>
	
	<bean id="emailReadingService" class="com.oss.mail.service.EmailReadingServiceImpl"/>
	<bean id="emailReadingDAO" class="com.oss.mail.dao.EmailReadingDAOImpl"/>
	<bean id="dbBulkInsertionDAO" class="com.oss.mail.dao.DBBulkInsertionDAOImpl"/>
	<bean id="quartzSchedulerOSS" class="com.oss.mail.quartz.config.QuartzConfig"/>
	
</beans>